category_type,category,budget_amount,actual_amount,variance,variance_pct
expense,Facilities,209154.96,201700.37,-7454.5899999999965,-0.0356414688898604
expense,Payroll,876960.0,912038.4,35078.40000000002,0.04000000000000003
expense,Services,395070.49,380989.58999999997,-14080.900000000023,-0.035641487674769184
expense,Supplies,441549.36,425811.89,-15737.469999999972,-0.0356414739226436
expense,Technology,116197.19,112055.75,-4141.440000000002,-0.03564148151947566
