category_type,category,budget_amount,actual_amount,variance,variance_pct
expense,Facilities,194018.09,213112.72,19094.630000000005,0.09841675072669773
expense,Payroll,906369.7,942624.48,36254.78000000003,0.03999999117357964
expense,Services,366478.62,402546.23,36067.609999999986,0.09841668253389511
expense,Supplies,409593.77,449904.62,40310.84999999998,0.09841665804633692
expense,Technology,107787.82,118395.95,10608.12999999999,0.0984167784449114
