category_type,category,budget_amount,actual_amount,variance,variance_pct
expense,Facilities,213424.62,219510.0,6085.380000000005,0.028513017851455023
expense,Payroll,767307.7000000001,798000.0,30692.29999999993,0.039999989573934844
expense,Services,403135.38,414630.0,11494.619999999995,0.028513051868580712
expense,Supplies,450563.08999999997,463410.0,12846.910000000033,0.028513010242361473
expense,Technology,118569.20999999999,121950.0,3380.790000000008,0.02851322025338626
