category_type,category,budget_amount,actual_amount,variance,variance_pct
expense,Facilities,175837.59999999998,235848.28000000003,60010.68000000005,0.341284685414269
expense,Payroll,1015184.4199999999,1055791.8,40607.38000000012,0.040000003152136754
expense,Services,332137.7,445491.2,113353.5,0.34128465392516416
expense,Supplies,371212.72,497901.91000000003,126689.19000000006,0.34128461438498137
expense,Technology,97687.56,131026.81,33339.25,0.3412844992750356
