category_type,category,budget_amount,actual_amount,variance,variance_pct
expense,Facilities,207522.0,204899.62,-2622.3800000000047,-0.012636636115688962
expense,Payroll,878220.0,913348.8,35128.80000000005,0.040000000000000056
expense,Services,391986.0,387032.61,-4953.390000000014,-0.012636650288530749
expense,Supplies,438102.0,432565.86,-5536.140000000014,-0.012636646260459924
expense,Technology,115290.0,113833.11,-1456.8899999999994,-0.012636742128545403
