category_type,category,budget_amount,actual_amount,variance,variance_pct
expense,Facilities,198514.12,211755.06,13240.940000000002,0.06670024278373751
expense,Payroll,873579.8,908523.0,34943.19999999995,0.04000000915772085
expense,Services,374971.1,399981.78,25010.68000000005,0.06670028703545434
expense,Supplies,419085.36,447038.46,27953.100000000035,0.06670025409620617
expense,Technology,110285.62,117641.7,7356.080000000002,0.06670026427742803
