category_type,category,budget_amount,actual_amount,variance,variance_pct
expense,Facilities,206632.22999999998,210174.16,3541.930000000022,0.01714122719384107
expense,Payroll,820667.0700000001,853493.76,32826.689999999944,0.040000008773350616
expense,Services,390305.36,396995.64,6690.280000000028,0.017141143027090452
expense,Supplies,436223.63,443701.0,7477.369999999995,0.017141139282161297
expense,Technology,114795.70999999999,116763.44,1967.7300000000105,0.01714114577975092
