category_type,category,budget_amount,actual_amount,variance,variance_pct
expense,Facilities,178053.12,209296.89,31243.77000000002,0.17547443145056946
expense,Payroll,1010688.0,1051115.52,40427.52000000002,0.04000000000000002
expense,Services,336322.56,395338.57,59016.01000000001,0.17547443145056937
expense,Supplies,375889.91,441849.0,65959.09000000003,0.17547448932587745
expense,Technology,98918.41,116276.02,17357.61,0.1754740093375945
