category_type,category,budget_amount,actual_amount,variance,variance_pct
expense,Facilities,193697.66,201488.8,7791.139999999985,0.04022320145736394
expense,Payroll,939397.84,976973.76,37575.92000000004,0.04000000681287498
expense,Services,365873.37,380589.96,14716.590000000026,0.04022317885556969
expense,Supplies,408917.3,425365.27,16447.97000000003,0.040223218729068276
expense,Technology,107609.83,111938.20999999999,4328.37999999999,0.0402229052866266
