category_type,category,budget_amount,actual_amount,variance,variance_pct
expense,Facilities,185623.59,202130.73,16507.140000000014,0.08892802902906907
expense,Payroll,976441.84,1015499.52,39057.68000000005,0.04000000655440989
expense,Services,350622.34,381802.5,31180.159999999974,0.08892804719744889
expense,Supplies,391872.0,426720.41000000003,34848.41000000003,0.08892804283031203
expense,Technology,103124.23,112294.84,9170.61,0.08892779126690208
