category_type,category,budget_amount,actual_amount,variance,variance_pct
expense,Facilities,202280.59,205396.56,3115.970000000001,0.015404196715067922
expense,Payroll,899526.9199999999,935508.0,35981.080000000075,0.040000003557425584
expense,Services,382085.57,387971.27999999997,5885.709999999963,0.015404167186947057
expense,Supplies,427036.80000000005,433614.95999999996,6578.159999999916,0.015404199357057554
expense,Technology,112378.12,114109.2,1731.0800000000017,0.015404066200787145
