category_type,category,budget_amount,actual_amount,variance,variance_pct
expense,Facilities,214898.66,216637.27,1738.609999999986,0.008090371526746541
expense,Payroll,766930.5,797607.7200000001,30677.22000000009,0.04000000000000012
expense,Services,405919.71,409203.7,3283.9899999999907,0.008090245235935921
expense,Supplies,453674.97000000003,457345.3,3670.329999999958,0.00809021930392139
expense,Technology,119388.16,120354.01,965.8499999999913,0.008089998204176958
