department,budget_revenue,actual_revenue,revenue_variance,revenue_variance_pct,budget_expenses,actual_expenses,expense_variance,expense_variance_pct,net_operating_result
Administration,168000,168000,0,0.0,156239.99000000002,161400.0,5160.00999999998,0.03302617978918188,6600.0
Arts & Humanities,294000,294000,0,0.0,273420.0,282450.0,9030.0,0.03302611367127496,11550.0
Business,420000,420000,0,0.0,390600.01,403500.0,12899.98999999999,0.033026087224114486,16500.0
Engineering,462000,462000,0,0.0,429660.0,443850.0,14190.0,0.03302611367127496,18150.0
Health Sciences,546000,546000,0,0.0,507780.0,524550.0,16770.0,0.03302611367127496,21450.0
Student Services,210000,210000,0,0.0,195300.0,201750.0,6450.0,0.03302611367127496,8250.0
