department,budget_revenue,actual_revenue,revenue_variance,revenue_variance_pct,budget_expenses,actual_expenses,expense_variance,expense_variance_pct,net_operating_result
Administration,170688.00000000003,160446.73,-10241.270000000019,-0.0599999414135734,157480.13,168816.63,11336.5,0.07198685954856654,-8369.899999999994
Arts & Humanities,298704.0,280781.75,-17922.25,-0.06000003347795811,275590.26,295429.11,19838.849999999977,0.07198676034486841,-14647.359999999986
Business,426720.0,401116.8,-25603.20000000001,-0.060000000000000026,393700.35,422041.58,28341.23000000004,0.07198680417733955,-20924.780000000028
Engineering,469392.0,441228.47000000003,-28163.52999999997,-0.0600000213041551,433070.39,464245.75,31175.359999999986,0.07198681950987225,-23017.27999999997
Health Sciences,554736.0,521451.85,-33284.15000000002,-0.05999998197340721,527556.69,565030.14,37473.45000000007,0.07103208187920065,-43578.29000000004
Student Services,213360.0,200558.4,-12801.600000000006,-0.060000000000000026,196850.18,211020.79,14170.610000000015,0.07198677694884513,-10462.390000000014
