department,budget_revenue,actual_revenue,revenue_variance,revenue_variance_pct,budget_expenses,actual_expenses,expense_variance,expense_variance_pct,net_operating_result
Administration,171360.0,159364.8,-11995.200000000012,-0.07000000000000006,157628.99,187479.55,29850.559999999998,0.189372272194347,-28114.75
Arts & Humanities,299880.0,278888.4,-20991.599999999977,-0.06999999999999992,275850.71,328089.21,52238.5,0.18937236014364436,-49200.81
Business,428400.0,398412.0,-29988.0,-0.07,394072.44999999995,468698.87,74626.42000000004,0.18937233496023395,-70286.87
Engineering,471240.0,438253.2,-32986.79999999999,-0.06999999999999998,433479.69,515568.75,82089.06,0.18937233253073518,-77315.54999999999
Health Sciences,556920.0,517935.60000000003,-38984.399999999965,-0.06999999999999994,533991.94,631874.1900000001,97882.25000000012,0.1833028603390533,-113938.59000000003
Student Services,214200.0,199206.0,-14994.0,-0.07,197036.22,234349.43,37313.20999999999,0.1893723397657547,-35143.42999999999
