department,budget_revenue,actual_revenue,revenue_variance,revenue_variance_pct,budget_expenses,actual_expenses,expense_variance,expense_variance_pct,net_operating_result
Administration,168672.0,163611.84,-5060.1600000000035,-0.03000000000000002,156864.97,160091.82,3226.850000000006,0.020570876977823702,3520.0199999999895
Arts & Humanities,295176.0,286320.72000000003,-8855.27999999997,-0.0299999999999999,274513.68,280160.72,5647.039999999979,0.02057106953649807,6160.000000000058
Business,421680.0,409029.60000000003,-12650.399999999965,-0.029999999999999916,392162.39,400229.60000000003,8067.210000000021,0.020571095560693673,8800.0
Engineering,463848.0,449932.57,-13915.429999999993,-0.029999978441213486,431378.64,440252.57,8873.929999999993,0.020571092717988987,9680.0
Health Sciences,548184.0,531738.47,-16445.530000000028,-0.030000018242050164,509811.11,520298.49,10487.380000000005,0.020571109170217976,11439.979999999981
Student Services,210840.0,204514.80000000002,-6325.1999999999825,-0.029999999999999916,196081.21,200114.80000000002,4033.5900000000256,0.02057101748811131,4400.0
