department,budget_revenue,actual_revenue,revenue_variance,revenue_variance_pct,budget_expenses,actual_expenses,expense_variance,expense_variance_pct,net_operating_result
Administration,172704.0,165795.84,-6908.1600000000035,-0.04000000000000002,160050.16,170488.67,10438.51000000001,0.06522024095446083,-4692.830000000016
Arts & Humanities,302232.0,290142.72000000003,-12089.27999999997,-0.0399999999999999,280087.77,298355.21,18267.440000000002,0.06522041287272201,-8212.48999999999
Business,431760.0,414489.60000000003,-17270.399999999965,-0.03999999999999992,400125.37,426221.72,26096.349999999977,0.06522043328569738,-11732.119999999937
Engineering,474936.0,455938.57,-18997.429999999993,-0.03999997894453146,440137.91000000003,468843.9,28705.98999999999,0.06522044420122772,-12905.330000000016
Health Sciences,561288.0,538836.47,-22451.530000000028,-0.040000017816165724,527220.11,561427.65,34207.54000000004,0.06488284371398512,-22591.18000000005
Student Services,215880.0,207244.8,-8635.200000000012,-0.040000000000000056,200062.68,213110.85,13048.170000000013,0.06522040992353004,-5866.0500000000175
