department,budget_revenue,actual_revenue,revenue_variance,revenue_variance_pct,budget_expenses,actual_expenses,expense_variance,expense_variance_pct,net_operating_result
Administration,174048.0,174048.0,0.0,0.0,161834.72,166096.87,4262.149999999994,0.02633643757038041,7951.130000000005
Arts & Humanities,304584.0,304584.0,0.0,0.0,283210.75,290669.54,7458.789999999979,0.026336535601137946,13914.460000000021
Business,435120.0,435120.0,0.0,0.0,404586.79,415242.2,10655.410000000033,0.026336524729341837,19877.79999999999
Engineering,478632.0,478632.0,0.0,0.0,445045.46,456766.41,11720.949999999953,0.026336523014974588,21865.590000000026
Health Sciences,565656.0,565656.0,0.0,0.0,526336.88,540203.87,13866.98999999999,0.026346225254061603,25452.130000000005
Student Services,217560.0,217560.0,0.0,0.0,202293.4,207621.11,5327.709999999992,0.02633654879496806,9938.890000000014
