department,budget_revenue,actual_revenue,revenue_variance,revenue_variance_pct,budget_expenses,actual_expenses,expense_variance,expense_variance_pct,net_operating_result
Administration,173376.0,169908.46,-3467.540000000008,-0.020000115356220056,161052.59,167513.88,6461.290000000008,0.04011913127258623,2394.579999999987
Arts & Humanities,303408.0,297339.85,-6068.150000000023,-0.019999967041080074,281841.98,293149.29,11307.309999999998,0.0401193250203536,4190.559999999998
Business,433440.0,424771.19999999995,-8668.800000000047,-0.020000000000000108,402631.41000000003,418784.7,16153.289999999979,0.040119299187313724,5986.499999999942
Engineering,476784.0,467248.32,-9535.679999999993,-0.019999999999999987,442894.57,460663.19,17768.619999999995,0.040119299724085566,6585.130000000005
Health Sciences,563472.0,552202.57,-11269.430000000051,-0.01999998225288932,525759.74,546852.58,21092.839999999967,0.04011878125167965,5349.989999999991
Student Services,216720.0,212385.59999999998,-4334.400000000023,-0.020000000000000108,201315.71,209392.36000000002,8076.650000000023,0.04011932302749757,2993.2399999999616
