department,budget_revenue,actual_revenue,revenue_variance,revenue_variance_pct,budget_expenses,actual_expenses,expense_variance,expense_variance_pct,net_operating_result
Administration,175392.0,182407.69,7015.690000000002,0.04000005701514323,163114.56,162607.66,-506.8999999999942,-0.0031076318386292073,19800.03
Arts & Humanities,306936.0,319213.43,12277.429999999993,0.03999996741991814,285450.48,284563.44,-887.039999999979,-0.0031075092254179396,34649.98999999999
Business,438480.0,456019.2,17539.20000000001,0.04000000000000003,407786.4,406519.2,-1267.2000000000116,-0.0031075092254180415,49500.0
Engineering,482328.0,501621.11,19293.109999999986,0.03999997926722062,448565.04,447171.13,-1393.9099999999744,-0.003107486932106823,54449.97999999998
Health Sciences,570024.0,592824.97,22800.969999999972,0.04000001754312094,530122.31,528474.96,-1647.3500000000931,-0.003107490420465596,64350.01000000001
Student Services,219240.0,228009.6,8769.600000000006,0.04000000000000003,203893.21,203259.61,-633.6000000000058,-0.003107509073009375,24749.99000000002
