department,budget_revenue,actual_revenue,revenue_variance,revenue_variance_pct,budget_expenses,actual_expenses,expense_variance,expense_variance_pct,net_operating_result
Administration,170016.0,161515.2,-8500.799999999988,-0.04999999999999993,157182.62,165825.65,8643.029999999999,0.054987186242346636,-4310.4499999999825
Arts & Humanities,297528.0,282651.6,-14876.400000000023,-0.05000000000000008,275069.58999999997,290194.89,15125.300000000047,0.05498717615422355,-7543.290000000037
Business,425040.0,403788.0,-21252.0,-0.05,392956.54,414564.12,21607.580000000016,0.05498720036571988,-10776.119999999995
Engineering,467544.0,444166.8,-23377.20000000001,-0.050000000000000024,432252.22000000003,456020.53,23768.309999999998,0.05498713228124079,-11853.73000000004
Health Sciences,552552.0,524924.4,-27627.599999999977,-0.04999999999999996,522496.76,551052.74,28555.97999999998,0.05465293220191448,-26128.339999999967
Student Services,212520.0,201894.0,-10626.0,-0.05,196478.27,207282.07,10803.800000000017,0.05498725126193354,-5388.070000000007
