department,budget_revenue,actual_revenue,revenue_variance,revenue_variance_pct,budget_expenses,actual_expenses,expense_variance,expense_variance_pct,net_operating_result
Administration,172032.0,161710.09,-10321.910000000003,-0.059999941871279786,158747.79,175818.41,17070.619999999995,0.10753296156122863,-14108.320000000007
Arts & Humanities,301056.0,282992.64,-18063.359999999986,-0.059999999999999956,277808.65,307682.27,29873.619999999995,0.10753308077340282,-24689.630000000005
Business,430080.0,404275.19999999995,-25804.800000000047,-0.06000000000000011,396869.48,439546.1,42676.619999999995,0.10753313658686982,-35270.90000000002
Engineering,473088.0,444702.72,-28385.280000000028,-0.06000000000000006,436556.44,483500.70999999996,46944.26999999996,0.10753310614315977,-38797.98999999999
Health Sciences,559104.0,525557.75,-33546.25,-0.06000001788576007,531454.89,587555.46,56100.56999999995,0.10556036091793218,-61997.70999999996
Student Services,215040.0,202137.59999999998,-12902.400000000023,-0.06000000000000011,198434.75,219773.05,21338.29999999999,0.10753308077340279,-17635.45000000001
