department,budget_revenue,actual_revenue,revenue_variance,revenue_variance_pct,budget_expenses,actual_expenses,expense_variance,expense_variance_pct,net_operating_result
Administration,2000000,1954468,-45532,-0.022766,4440000,4468847,28847,0.006497072072072072,-2514379
Business,6700000,6456616,-243384,-0.03632597014925373,4920000,4947764,27764,0.0056430894308943085,1508852
Engineering,9200000,8917688,-282312,-0.030686086956521738,7320000,7462110,142110,0.019413934426229507,1455578
Health Sciences,8100000,7842696,-257304,-0.03176592592592593,6660000,6780250,120250,0.018055555555555554,1062446
