department,budget_revenue,actual_revenue,revenue_variance,revenue_variance_pct,budget_expenses,actual_expenses,expense_variance,expense_variance_pct,net_operating_result
Administration,174720.0,178214.40000000002,3494.4000000000233,0.020000000000000132,162489.6,164134.38999999998,1644.789999999979,0.010122432451061354,14080.010000000038
Arts & Humanities,305760.0,311875.2,6115.200000000012,0.02000000000000004,284356.8,287235.21,2878.4100000000326,0.010122529160547709,24639.98999999999
Business,436800.0,445536.0,8736.0,0.02,406224.0,410335.99,4111.989999999991,0.010122469376501611,35200.01000000001
Engineering,480480.0,490089.60000000003,9609.600000000035,0.020000000000000073,446846.39999999997,451369.61,4523.210000000021,0.01012251637251642,38719.99000000005
Health Sciences,567840.0,579196.8,11356.800000000047,0.020000000000000084,528091.2000000001,533436.8,5345.599999999977,0.01012249399346169,45760.0
Student Services,218400.0,222768.0,4368.0,0.02,203112.0,205168.0,2056.0,0.010122493993461736,17600.0
