department,budget_revenue,actual_revenue,revenue_variance,revenue_variance_pct,budget_expenses,actual_expenses,expense_variance,expense_variance_pct,net_operating_result
Administration,169344.0,162570.25,-6773.75,-0.03999994094860166,157489.93,161690.25,4200.320000000007,0.02667040362517151,880.0
Arts & Humanities,296352.0,284497.92,-11854.080000000016,-0.040000000000000056,275607.36,282957.92,7350.559999999998,0.026670405318638797,1540.0
Business,423360.0,406425.6,-16934.400000000023,-0.040000000000000056,393724.8,404225.59,10500.790000000037,0.026670379920188003,2200.009999999951
Engineering,465696.0,447068.14999999997,-18627.850000000035,-0.040000021473235836,433097.27999999997,444648.16,11550.880000000005,0.026670405318638818,2419.9899999999907
Health Sciences,550368.0,528353.28,-22014.719999999972,-0.03999999999999995,511842.23,525493.28,13651.050000000047,0.026670425376976118,2860.0
Student Services,211680.0,203212.80000000002,-8467.199999999983,-0.03999999999999992,196862.40000000002,202112.8,5250.399999999965,0.026670405318638624,1100.000000000029
